asset_1,asset_2,correlation,absolute_correlation
ALGO,AENO,0.47830990369106496,0.47830990369106496
ALGO,LSST,0.4329171130339328,0.4329171130339328
ALGO,SRNA,0.5122690878795106,0.5122690878795106
ALGO,ELLT,0.4443009960845323,0.4443009960845323
ALGO,AMRP,0.4037652582979174,0.4037652582979174
ALGO,OTCS,0.35659826943059136,0.35659826943059136
ALGO,HETT,0.4618311186708013,0.4618311186708013
ALGO,HUXZ,0.46685843271641764,0.46685843271641764
ALGO,DUCT,0.5221145842681052,0.5221145842681052
ALGO,SMAH,0.45326721835840406,0.45326721835840406
ALGO,NPCK,0.43831885420423417,0.43831885420423417
ALGO,MSDP,0.47851321497533744,0.47851321497533744
ALGO,EORC,0.41829252574177617,0.41829252574177617
ALGO,CUBO,0.5227320316901216,0.5227320316901216
ALGO,HRET,0.37026580002713505,0.37026580002713505
ALGO,ANSO,0.4013118808839911,0.4013118808839911
ALGO,DIHO,0.42836266123562644,0.42836266123562644
ALGO,RTTH,0.3723485705929894,0.3723485705929894
ALGO,SPLZ,0.46496713502042614,0.46496713502042614
ALGO,NWIG,0.38134502984430385,0.38134502984430385
ALGO,MMBT,0.40825997256287094,0.40825997256287094
ALGO,MDGI,0.42563205847427754,0.42563205847427754
ALGO,AGVF,0.429344880191215,0.429344880191215
ALGO,RRES,0.4685983301159665,0.4685983301159665
ALGO,CTGI,0.4235163313438924,0.4235163313438924
ALGO,ALUT,0.33642919234526375,0.33642919234526375
ALGO,ACAC,0.4652958447696076,0.4652958447696076
ALGO,SRTX,0.4846191187292141,0.4846191187292141
ALGO,GARI,0.5202688659297393,0.5202688659297393
ALGO,RCRI,0.4689984236077232,0.4689984236077232
ALGO,ACIX,0.4927965039022337,0.4927965039022337
ALGO,CCNS,0.3280127716323684,0.3280127716323684
ALGO,MTNS,0.4748566531546642,0.4748566531546642
ALGO,IHOZ,0.48474526933259404,0.48474526933259404
ALGO,NAYO,0.4306640606928749,0.4306640606928749
ALGO,FWWG,0.5005724763725068,0.5005724763725068
ALGO,EELT,0.4572033085204348,0.4572033085204348
ALGO,HRND,0.33531750241928027,0.33531750241928027
ALGO,AETS,0.39642630175190746,0.39642630175190746
ALGO,ULXY,0.39673559833474004,0.39673559833474004
ALGO,BLBT,0.5219603197476502,0.5219603197476502
ALGO,BENI,0.525946396957287,0.525946396957287
ALGO,ITPA,0.48987672186974596,0.48987672186974596
ALGO,HTRK,0.4865170769245658,0.4865170769245658
ALGO,NGTE,0.4789032199377392,0.4789032199377392
ALGO,ILVX,0.590822940528925,0.590822940528925
ALGO,FCSG,0.41336144793985063,0.41336144793985063
ALGO,FARS,0.3342340501051485,0.3342340501051485
ALGO,MHRM,0.41997808803571923,0.41997808803571923
ALGO,EAFC,0.4608038143944408,0.4608038143944408
AENO,LSST,0.24044682344969653,0.24044682344969653
AENO,SRNA,0.33670322462766494,0.33670322462766494
AENO,ELLT,0.21070777564301807,0.21070777564301807
AENO,AMRP,0.2627636390842672,0.2627636390842672
AENO,OTCS,0.12900922370910634,0.12900922370910634
AENO,HETT,0.2358678891535552,0.2358678891535552
AENO,HUXZ,0.2926726028482414,0.2926726028482414
AENO,DUCT,0.2912103229224278,0.2912103229224278
AENO,SMAH,0.24517035815601407,0.24517035815601407
AENO,NPCK,0.2832551713965847,0.2832551713965847
AENO,MSDP,0.13677659057063213,0.13677659057063213
AENO,EORC,0.2811605742915004,0.2811605742915004
AENO,CUBO,0.3719726910093381,0.3719726910093381
AENO,HRET,0.2389867962257121,0.2389867962257121
AENO,ANSO,0.25578805271596805,0.25578805271596805
AENO,DIHO,0.1596591121231385,0.1596591121231385
AENO,RTTH,0.11869473483090973,0.11869473483090973
AENO,SPLZ,0.13481067941881414,0.13481067941881414
AENO,NWIG,0.25255253977188336,0.25255253977188336
AENO,MMBT,0.12991715041701934,0.12991715041701934
AENO,MDGI,0.20725025438963054,0.20725025438963054
AENO,AGVF,0.23984223256067186,0.23984223256067186
AENO,RRES,0.1344250869866815,0.1344250869866815
AENO,CTGI,0.12434907150294174,0.12434907150294174
AENO,ALUT,0.11458727858493788,0.11458727858493788
AENO,ACAC,0.3374381489230667,0.3374381489230667
AENO,SRTX,0.3788910942908697,0.3788910942908697
AENO,GARI,0.2309834587666994,0.2309834587666994
AENO,RCRI,0.13838655109194,0.13838655109194
AENO,ACIX,0.19043659355617773,0.19043659355617773
AENO,CCNS,0.13716931217979245,0.13716931217979245
AENO,MTNS,0.2755437231043659,0.2755437231043659
AENO,IHOZ,0.3247143161481812,0.3247143161481812
AENO,NAYO,0.07072176776014016,0.07072176776014016
AENO,FWWG,0.2719171584420141,0.2719171584420141
AENO,EELT,0.06959745209588028,0.06959745209588028
AENO,HRND,0.10505864094541187,0.10505864094541187
AENO,AETS,0.19120491672381296,0.19120491672381296
AENO,ULXY,0.2486036035482317,0.2486036035482317
AENO,BLBT,0.24748518762550617,0.24748518762550617
AENO,BENI,0.30123149438883906,0.30123149438883906
AENO,ITPA,0.20480277303791392,0.20480277303791392
AENO,HTRK,0.29695333079012143,0.29695333079012143
AENO,NGTE,0.23984972323646614,0.23984972323646614
AENO,ILVX,0.34461668338837914,0.34461668338837914
AENO,FCSG,0.18002697287047534,0.18002697287047534
AENO,FARS,0.14244296014242783,0.14244296014242783
AENO,MHRM,0.14522045186369337,0.14522045186369337
AENO,EAFC,0.18603194681492122,0.18603194681492122
LSST,SRNA,0.32553373194609153,0.32553373194609153
LSST,ELLT,0.1532850280098558,0.1532850280098558
LSST,AMRP,0.20583982290435615,0.20583982290435615
LSST,OTCS,0.20312297199454984,0.20312297199454984
LSST,HETT,0.2973192986503313,0.2973192986503313
LSST,HUXZ,0.2673334552764185,0.2673334552764185
LSST,DUCT,0.3149517871150174,0.3149517871150174
LSST,SMAH,0.2290707870459093,0.2290707870459093
LSST,NPCK,0.32047532038272136,0.32047532038272136
LSST,MSDP,0.16424070250909367,0.16424070250909367
LSST,EORC,0.22584583903122962,0.22584583903122962
LSST,CUBO,0.2715364248335698,0.2715364248335698
LSST,HRET,0.18321272145839165,0.18321272145839165
LSST,ANSO,0.18790555640852852,0.18790555640852852
LSST,DIHO,0.20752104014263617,0.20752104014263617
LSST,RTTH,0.12665180321418557,0.12665180321418557
LSST,SPLZ,0.12867964954906883,0.12867964954906883
LSST,NWIG,0.14963673585462128,0.14963673585462128
LSST,MMBT,0.1007354203510324,0.1007354203510324
LSST,MDGI,0.12998649751012803,0.12998649751012803
LSST,AGVF,0.13641316165215375,0.13641316165215375
LSST,RRES,0.10571900521873408,0.10571900521873408
LSST,CTGI,0.11182270909318416,0.11182270909318416
LSST,ALUT,0.050918966309415135,0.050918966309415135
LSST,ACAC,0.3253874798079226,0.3253874798079226
LSST,SRTX,0.2747514495383496,0.2747514495383496
LSST,GARI,0.21314633176993975,0.21314633176993975
LSST,RCRI,0.17312484045191615,0.17312484045191615
LSST,ACIX,0.1474966751979423,0.1474966751979423
LSST,CCNS,0.09404957372334431,0.09404957372334431
LSST,MTNS,0.23146813632574081,0.23146813632574081
LSST,IHOZ,0.3338584720107579,0.3338584720107579
LSST,NAYO,0.06433147193460717,0.06433147193460717
LSST,FWWG,0.18445702128613187,0.18445702128613187
LSST,EELT,0.07839508564781404,0.07839508564781404
LSST,HRND,0.13919036346852212,0.13919036346852212
LSST,AETS,0.1267299780000314,0.1267299780000314
LSST,ULXY,0.18208344797588188,0.18208344797588188
LSST,BLBT,0.16876417128329246,0.16876417128329246
LSST,BENI,0.3396126144324932,0.3396126144324932
LSST,ITPA,0.1824628173182567,0.1824628173182567
LSST,HTRK,0.2563430063919983,0.2563430063919983
LSST,NGTE,0.214608471082055,0.214608471082055
LSST,ILVX,0.37527811674177003,0.37527811674177003
LSST,FCSG,0.13579259609804833,0.13579259609804833
LSST,FARS,0.12436482483620083,0.12436482483620083
LSST,MHRM,0.17922368499789662,0.17922368499789662
LSST,EAFC,0.14152876740743042,0.14152876740743042
SRNA,ELLT,0.18407684810118843,0.18407684810118843
SRNA,AMRP,0.2187396042013551,0.2187396042013551
SRNA,OTCS,0.2563236028327725,0.2563236028327725
SRNA,HETT,0.2884722417529562,0.2884722417529562
SRNA,HUXZ,0.3090692961443461,0.3090692961443461
SRNA,DUCT,0.34084027545157314,0.34084027545157314
SRNA,SMAH,0.26084464757797404,0.26084464757797404
SRNA,NPCK,0.26579815529683226,0.26579815529683226
SRNA,MSDP,0.25758717460926184,0.25758717460926184
SRNA,EORC,0.22667251604507818,0.22667251604507818
SRNA,CUBO,0.3406605051820094,0.3406605051820094
SRNA,HRET,0.35151460243704824,0.35151460243704824
SRNA,ANSO,0.258866811822868,0.258866811822868
SRNA,DIHO,0.2244583722770183,0.2244583722770183
SRNA,RTTH,0.10054591023616423,0.10054591023616423
SRNA,SPLZ,0.18446884186256238,0.18446884186256238
SRNA,NWIG,0.20906596211382336,0.20906596211382336
SRNA,MMBT,0.07287023863279127,0.07287023863279127
SRNA,MDGI,0.1423311090421173,0.1423311090421173
SRNA,AGVF,0.21892210212566332,0.21892210212566332
SRNA,RRES,0.13274668588324903,0.13274668588324903
SRNA,CTGI,0.13421565168066066,0.13421565168066066
SRNA,ALUT,0.0958914633110014,0.0958914633110014
SRNA,ACAC,0.2927571933535406,0.2927571933535406
SRNA,SRTX,0.2722563283486475,0.2722563283486475
SRNA,GARI,0.24243459196485695,0.24243459196485695
SRNA,RCRI,0.1760074034767153,0.1760074034767153
SRNA,ACIX,0.2525234140210946,0.2525234140210946
SRNA,CCNS,0.20270771058609838,0.20270771058609838
SRNA,MTNS,0.3801890666759968,0.3801890666759968
SRNA,IHOZ,0.3251858281575431,0.3251858281575431
SRNA,NAYO,0.13005461267972673,0.13005461267972673
SRNA,FWWG,0.2779641610381169,0.2779641610381169
SRNA,EELT,0.131683244008852,0.131683244008852
SRNA,HRND,0.11040082430622782,0.11040082430622782
SRNA,AETS,0.16263677134057708,0.16263677134057708
SRNA,ULXY,0.26606748184344087,0.26606748184344087
SRNA,BLBT,0.24483036353382975,0.24483036353382975
SRNA,BENI,0.4375250268104781,0.4375250268104781
SRNA,ITPA,0.23296861127732987,0.23296861127732987
SRNA,HTRK,0.2915450290624703,0.2915450290624703
SRNA,NGTE,0.2779648556252768,0.2779648556252768
SRNA,ILVX,0.38941268070987173,0.38941268070987173
SRNA,FCSG,0.13708742925869732,0.13708742925869732
SRNA,FARS,0.22073562558296375,0.22073562558296375
SRNA,MHRM,0.147706890711373,0.147706890711373
SRNA,EAFC,0.19094623605102326,0.19094623605102326
ELLT,AMRP,0.2548841035150927,0.2548841035150927
ELLT,OTCS,0.17346172025002485,0.17346172025002485
ELLT,HETT,0.16610818642060057,0.16610818642060057
ELLT,HUXZ,0.15893113754696542,0.15893113754696542
ELLT,DUCT,0.216815107131352,0.216815107131352
ELLT,SMAH,0.13386272716140118,0.13386272716140118
ELLT,NPCK,0.12156822678790456,0.12156822678790456
ELLT,MSDP,0.22870505546071515,0.22870505546071515
ELLT,EORC,0.1694310452284631,0.1694310452284631
ELLT,CUBO,0.19739404178576406,0.19739404178576406
ELLT,HRET,0.07821529524725712,0.07821529524725712
ELLT,ANSO,0.10679618574302496,0.10679618574302496
ELLT,DIHO,0.180448285820993,0.180448285820993
ELLT,RTTH,0.10557517261185831,0.10557517261185831
ELLT,SPLZ,0.17041795866238346,0.17041795866238346
ELLT,NWIG,0.1619366202845526,0.1619366202845526
ELLT,MMBT,0.08398287737107915,0.08398287737107915
ELLT,MDGI,0.16406743618544678,0.16406743618544678
ELLT,AGVF,0.25102052175585576,0.25102052175585576
ELLT,RRES,0.19717031007299485,0.19717031007299485
ELLT,CTGI,0.2178883099037035,0.2178883099037035
ELLT,ALUT,0.21637024027458884,0.21637024027458884
ELLT,ACAC,0.23180712849046195,0.23180712849046195
ELLT,SRTX,0.16824363648307097,0.16824363648307097
ELLT,GARI,0.2996570846925131,0.2996570846925131
ELLT,RCRI,0.20121913952683293,0.20121913952683293
ELLT,ACIX,0.27271650915579426,0.27271650915579426
ELLT,CCNS,0.21480102854924074,0.21480102854924074
ELLT,MTNS,0.17370401272911407,0.17370401272911407
ELLT,IHOZ,0.16155628952430157,0.16155628952430157
ELLT,NAYO,0.1720222654864582,0.1720222654864582
ELLT,FWWG,0.26521382196534454,0.26521382196534454
ELLT,EELT,0.1469060023368212,0.1469060023368212
ELLT,HRND,0.16258851754635986,0.16258851754635986
ELLT,AETS,0.21455827768145366,0.21455827768145366
ELLT,ULXY,0.060308675829543225,0.060308675829543225
ELLT,BLBT,0.30232176909339586,0.30232176909339586
ELLT,BENI,0.19087753153074918,0.19087753153074918
ELLT,ITPA,0.2990232872973192,0.2990232872973192
ELLT,HTRK,0.21578949992640659,0.21578949992640659
ELLT,NGTE,0.17032890548135446,0.17032890548135446
ELLT,ILVX,0.23346961183858791,0.23346961183858791
ELLT,FCSG,0.23859601691058863,0.23859601691058863
ELLT,FARS,0.16688145985533623,0.16688145985533623
ELLT,MHRM,0.18819748264163808,0.18819748264163808
ELLT,EAFC,0.23804663198830975,0.23804663198830975
AMRP,OTCS,0.18767527725457991,0.18767527725457991
AMRP,HETT,0.1632521266654387,0.1632521266654387
AMRP,HUXZ,0.2202143326331562,0.2202143326331562
AMRP,DUCT,0.2169478856200185,0.2169478856200185
AMRP,SMAH,0.19547210078247082,0.19547210078247082
AMRP,NPCK,0.21557530468237787,0.21557530468237787
AMRP,MSDP,0.1083625612410185,0.1083625612410185
AMRP,EORC,0.21775023257156317,0.21775023257156317
AMRP,CUBO,0.25276122094964915,0.25276122094964915
AMRP,HRET,0.1285260347857962,0.1285260347857962
AMRP,ANSO,0.22697557946589117,0.22697557946589117
AMRP,DIHO,0.16726100372541525,0.16726100372541525
AMRP,RTTH,0.1403601043097163,0.1403601043097163
AMRP,SPLZ,0.15091684635128966,0.15091684635128966
AMRP,NWIG,0.16179769561737947,0.16179769561737947
AMRP,MMBT,0.019316910887843108,0.019316910887843108
AMRP,MDGI,0.1587227786275918,0.1587227786275918
AMRP,AGVF,0.17376992035021532,0.17376992035021532
AMRP,RRES,0.08544449662846877,0.08544449662846877
AMRP,CTGI,0.15719795550577065,0.15719795550577065
AMRP,ALUT,0.11976920381592134,0.11976920381592134
AMRP,ACAC,0.24769520519173152,0.24769520519173152
AMRP,SRTX,0.2165240403085487,0.2165240403085487
AMRP,GARI,0.21104984172064453,0.21104984172064453
AMRP,RCRI,0.11991889705301574,0.11991889705301574
AMRP,ACIX,0.18147817237349026,0.18147817237349026
AMRP,CCNS,0.10011846844613738,0.10011846844613738
AMRP,MTNS,0.28507204108825374,0.28507204108825374
AMRP,IHOZ,0.221656101289045,0.221656101289045
AMRP,NAYO,0.09207759659304131,0.09207759659304131
AMRP,FWWG,0.15265132004281895,0.15265132004281895
AMRP,EELT,0.062473752034948815,0.062473752034948815
AMRP,HRND,0.14104549850643344,0.14104549850643344
AMRP,AETS,0.1841112372478602,0.1841112372478602
AMRP,ULXY,0.12380697237698222,0.12380697237698222
AMRP,BLBT,0.20825312271919239,0.20825312271919239
AMRP,BENI,0.26264464074541705,0.26264464074541705
AMRP,ITPA,0.20808982423019823,0.20808982423019823
AMRP,HTRK,0.2139102903756186,0.2139102903756186
AMRP,NGTE,0.2509850037157132,0.2509850037157132
AMRP,ILVX,0.2568372633783066,0.2568372633783066
AMRP,FCSG,0.18189889843994267,0.18189889843994267
AMRP,FARS,0.08068893139848404,0.08068893139848404
AMRP,MHRM,0.08594549810424203,0.08594549810424203
AMRP,EAFC,0.2398334314485247,0.2398334314485247
OTCS,HETT,0.19810056923470667,0.19810056923470667
OTCS,HUXZ,0.16946891578857265,0.16946891578857265
OTCS,DUCT,0.3010115627697263,0.3010115627697263
OTCS,SMAH,0.14961150443461166,0.14961150443461166
OTCS,NPCK,0.20110156523285377,0.20110156523285377
OTCS,MSDP,0.13080427513844398,0.13080427513844398
OTCS,EORC,0.17073313449369976,0.17073313449369976
OTCS,CUBO,0.20631978672530668,0.20631978672530668
OTCS,HRET,0.15345427852970028,0.15345427852970028
OTCS,ANSO,0.1200896047800948,0.1200896047800948
OTCS,DIHO,0.10106992091216147,0.10106992091216147
OTCS,RTTH,-0.0003192228396286304,0.0003192228396286304
OTCS,SPLZ,0.1102035190325991,0.1102035190325991
OTCS,NWIG,0.13496529718558858,0.13496529718558858
OTCS,MMBT,0.018170845553959546,0.018170845553959546
OTCS,MDGI,0.08551562526217496,0.08551562526217496
OTCS,AGVF,0.1301252339176302,0.1301252339176302
OTCS,RRES,0.0823587287627992,0.0823587287627992
OTCS,CTGI,0.15842604114939426,0.15842604114939426
OTCS,ALUT,0.12767450376313286,0.12767450376313286
OTCS,ACAC,0.12862694320871917,0.12862694320871917
OTCS,SRTX,0.17674613167375453,0.17674613167375453
OTCS,GARI,0.16803147966286652,0.16803147966286652
OTCS,RCRI,0.07184943384621299,0.07184943384621299
OTCS,ACIX,0.0860049241456955,0.0860049241456955
OTCS,CCNS,0.1263138573107525,0.1263138573107525
OTCS,MTNS,0.25199175636331217,0.25199175636331217
OTCS,IHOZ,0.19917652617042117,0.19917652617042117
OTCS,NAYO,0.07669270342837552,0.07669270342837552
OTCS,FWWG,0.08754347071495834,0.08754347071495834
OTCS,EELT,0.07849027888371306,0.07849027888371306
OTCS,HRND,0.04686433109619233,0.04686433109619233
OTCS,AETS,0.09121306945210444,0.09121306945210444
OTCS,ULXY,0.1330661555035217,0.1330661555035217
OTCS,BLBT,0.10826128051428954,0.10826128051428954
OTCS,BENI,0.2356134573270847,0.2356134573270847
OTCS,ITPA,0.1215607707506933,0.1215607707506933
OTCS,HTRK,0.21556585904546227,0.21556585904546227
OTCS,NGTE,0.1820447958636493,0.1820447958636493
OTCS,ILVX,0.2328482206724158,0.2328482206724158
OTCS,FCSG,0.08068721565915367,0.08068721565915367
OTCS,FARS,0.008284684407999024,0.008284684407999024
OTCS,MHRM,0.11124734966772436,0.11124734966772436
OTCS,EAFC,0.07213174612150591,0.07213174612150591
HETT,HUXZ,0.21069801456535375,0.21069801456535375
HETT,DUCT,0.2109599817488004,0.2109599817488004
HETT,SMAH,0.2093981146862364,0.2093981146862364
HETT,NPCK,0.2605558644415628,0.2605558644415628
HETT,MSDP,0.21528826267607035,0.21528826267607035
HETT,EORC,0.22258699378679853,0.22258699378679853
HETT,CUBO,0.32126421681215406,0.32126421681215406
HETT,HRET,0.2033119363293846,0.2033119363293846
HETT,ANSO,0.20077407917749307,0.20077407917749307
HETT,DIHO,0.2034115607261761,0.2034115607261761
HETT,RTTH,0.10214246100355727,0.10214246100355727
HETT,SPLZ,0.15493364085110423,0.15493364085110423
HETT,NWIG,0.16644705769498988,0.16644705769498988
HETT,MMBT,0.1400283969412582,0.1400283969412582
HETT,MDGI,0.18444117939343574,0.18444117939343574
HETT,AGVF,0.17632070131731042,0.17632070131731042
HETT,RRES,0.14797616695452076,0.14797616695452076
HETT,CTGI,0.17013723676997797,0.17013723676997797
HETT,ALUT,0.12739370463629107,0.12739370463629107
HETT,ACAC,0.3166537518022196,0.3166537518022196
HETT,SRTX,0.28578548599585785,0.28578548599585785
HETT,GARI,0.2786244698953513,0.2786244698953513
HETT,RCRI,0.16402809838530275,0.16402809838530275
HETT,ACIX,0.1920484274201809,0.1920484274201809
HETT,CCNS,0.15622627398705644,0.15622627398705644
HETT,MTNS,0.26753981055010917,0.26753981055010917
HETT,IHOZ,0.2597553414448096,0.2597553414448096
HETT,NAYO,0.16061891413687007,0.16061891413687007
HETT,FWWG,0.20320054176364458,0.20320054176364458
HETT,EELT,0.12992906108595523,0.12992906108595523
HETT,HRND,0.1165608019103631,0.1165608019103631
HETT,AETS,0.13113377402580698,0.13113377402580698
HETT,ULXY,0.14701890005810792,0.14701890005810792
HETT,BLBT,0.1791696924661405,0.1791696924661405
HETT,BENI,0.36331607733133986,0.36331607733133986
HETT,ITPA,0.15428232214013304,0.15428232214013304
HETT,HTRK,0.2526487738025939,0.2526487738025939
HETT,NGTE,0.28181251205960883,0.28181251205960883
HETT,ILVX,0.36392095960495774,0.36392095960495774
HETT,FCSG,0.1380282878665142,0.1380282878665142
HETT,FARS,0.1558143444886557,0.1558143444886557
HETT,MHRM,0.09464952852154657,0.09464952852154657
HETT,EAFC,0.12299311429874012,0.12299311429874012
HUXZ,DUCT,0.24751311817500382,0.24751311817500382
HUXZ,SMAH,0.2577656639827049,0.2577656639827049
HUXZ,NPCK,0.20639114866749814,0.20639114866749814
HUXZ,MSDP,0.1980620941457784,0.1980620941457784
HUXZ,EORC,0.18733115091883884,0.18733115091883884
HUXZ,CUBO,0.32751209341753923,0.32751209341753923
HUXZ,HRET,0.23172525347224954,0.23172525347224954
HUXZ,ANSO,0.1895457136472812,0.1895457136472812
HUXZ,DIHO,0.15485960688310924,0.15485960688310924
HUXZ,RTTH,0.08913879263903789,0.08913879263903789
HUXZ,SPLZ,0.16828964573558894,0.16828964573558894
HUXZ,NWIG,0.2176903386446002,0.2176903386446002
HUXZ,MMBT,0.15907171196212275,0.15907171196212275
HUXZ,MDGI,0.166951313139351,0.166951313139351
HUXZ,AGVF,0.15491157809611517,0.15491157809611517
HUXZ,RRES,0.1187393382592637,0.1187393382592637
HUXZ,CTGI,0.20031118767338707,0.20031118767338707
HUXZ,ALUT,0.14946623647907192,0.14946623647907192
HUXZ,ACAC,0.24972191093638713,0.24972191093638713
HUXZ,SRTX,0.2840198142205582,0.2840198142205582
HUXZ,GARI,0.28284408189611565,0.28284408189611565
HUXZ,RCRI,0.16739142879635122,0.16739142879635122
HUXZ,ACIX,0.1666605411437034,0.1666605411437034
HUXZ,CCNS,0.14314416104591615,0.14314416104591615
HUXZ,MTNS,0.2697694165113039,0.2697694165113039
HUXZ,IHOZ,0.28428689387650824,0.28428689387650824
HUXZ,NAYO,0.07729588803270426,0.07729588803270426
HUXZ,FWWG,0.2176080485253582,0.2176080485253582
HUXZ,EELT,0.14663788692573007,0.14663788692573007
HUXZ,HRND,0.08253381557705203,0.08253381557705203
HUXZ,AETS,0.093854087837732,0.093854087837732
HUXZ,ULXY,0.19938634178616874,0.19938634178616874
HUXZ,BLBT,0.22873983267665196,0.22873983267665196
HUXZ,BENI,0.29255746113914777,0.29255746113914777
HUXZ,ITPA,0.23542593330237466,0.23542593330237466
HUXZ,HTRK,0.307119139634959,0.307119139634959
HUXZ,NGTE,0.19250114254023434,0.19250114254023434
HUXZ,ILVX,0.36355275292248496,0.36355275292248496
HUXZ,FCSG,0.18210533969555956,0.18210533969555956
HUXZ,FARS,0.15614140066340443,0.15614140066340443
HUXZ,MHRM,0.1622971883982674,0.1622971883982674
HUXZ,EAFC,0.20583730241185322,0.20583730241185322
DUCT,SMAH,0.33428049677103766,0.33428049677103766
DUCT,NPCK,0.2669956600277025,0.2669956600277025
DUCT,MSDP,0.2543552227816339,0.2543552227816339
DUCT,EORC,0.27135664940696347,0.27135664940696347
DUCT,CUBO,0.2865376146693269,0.2865376146693269
DUCT,HRET,0.25993693585695066,0.25993693585695066
DUCT,ANSO,0.23438960458960115,0.23438960458960115
DUCT,DIHO,0.19154213158739344,0.19154213158739344
DUCT,RTTH,0.0837215980361903,0.0837215980361903
DUCT,SPLZ,0.20678664024871793,0.20678664024871793
DUCT,NWIG,0.23822902041600483,0.23822902041600483
DUCT,MMBT,0.11857321543789695,0.11857321543789695
DUCT,MDGI,0.1134918139342273,0.1134918139342273
DUCT,AGVF,0.19903376020734392,0.19903376020734392
DUCT,RRES,0.12423110435064894,0.12423110435064894
DUCT,CTGI,0.13989340847088058,0.13989340847088058
DUCT,ALUT,0.16799353856650953,0.16799353856650953
DUCT,ACAC,0.24435388023895713,0.24435388023895713
DUCT,SRTX,0.2563738768977177,0.2563738768977177
DUCT,GARI,0.2527132305588831,0.2527132305588831
DUCT,RCRI,0.18752290685788114,0.18752290685788114
DUCT,ACIX,0.24625914344531138,0.24625914344531138
DUCT,CCNS,0.1936456127659235,0.1936456127659235
DUCT,MTNS,0.3041406316406633,0.3041406316406633
DUCT,IHOZ,0.3285298673268947,0.3285298673268947
DUCT,NAYO,0.1584627198865071,0.1584627198865071
DUCT,FWWG,0.308983969340287,0.308983969340287
DUCT,EELT,0.11243611354730393,0.11243611354730393
DUCT,HRND,0.07873899021051581,0.07873899021051581
DUCT,AETS,0.22369658675384357,0.22369658675384357
DUCT,ULXY,0.23820783628224176,0.23820783628224176
DUCT,BLBT,0.26698071647383553,0.26698071647383553
DUCT,BENI,0.38374428280520073,0.38374428280520073
DUCT,ITPA,0.25228114233424986,0.25228114233424986
DUCT,HTRK,0.2671810396101673,0.2671810396101673
DUCT,NGTE,0.34635824800776693,0.34635824800776693
DUCT,ILVX,0.3918999632778607,0.3918999632778607
DUCT,FCSG,0.18653658898834088,0.18653658898834088
DUCT,FARS,0.15915800922201073,0.15915800922201073
DUCT,MHRM,0.22719666082592585,0.22719666082592585
DUCT,EAFC,0.24385637343613364,0.24385637343613364
SMAH,NPCK,0.23302778736914276,0.23302778736914276
SMAH,MSDP,0.20161783743664982,0.20161783743664982
SMAH,EORC,0.1830638375103558,0.1830638375103558
SMAH,CUBO,0.24515151249221284,0.24515151249221284
SMAH,HRET,0.167965449064772,0.167965449064772
SMAH,ANSO,0.19383463164935313,0.19383463164935313
SMAH,DIHO,0.19849384887840843,0.19849384887840843
SMAH,RTTH,0.07354571916673039,0.07354571916673039
SMAH,SPLZ,0.19752708100773905,0.19752708100773905
SMAH,NWIG,0.16824611254375366,0.16824611254375366
SMAH,MMBT,0.10961594492788795,0.10961594492788795
SMAH,MDGI,0.19701033768080092,0.19701033768080092
SMAH,AGVF,0.12637687778654771,0.12637687778654771
SMAH,RRES,0.211071696651875,0.211071696651875
SMAH,CTGI,0.09987178762757518,0.09987178762757518
SMAH,ALUT,0.12061461408885085,0.12061461408885085
SMAH,ACAC,0.2466450692392601,0.2466450692392601
SMAH,SRTX,0.299538025855718,0.299538025855718
SMAH,GARI,0.2128210674213719,0.2128210674213719
SMAH,RCRI,0.13214830961155818,0.13214830961155818
SMAH,ACIX,0.1987475397883201,0.1987475397883201
SMAH,CCNS,0.12840727047503728,0.12840727047503728
SMAH,MTNS,0.23419790201171542,0.23419790201171542
SMAH,IHOZ,0.31101889065475413,0.31101889065475413
SMAH,NAYO,0.11097897815679694,0.11097897815679694
SMAH,FWWG,0.24199438716242958,0.24199438716242958
SMAH,EELT,0.09091410951872292,0.09091410951872292
SMAH,HRND,0.06406086084470412,0.06406086084470412
SMAH,AETS,0.11872462460566492,0.11872462460566492
SMAH,ULXY,0.24261802757584713,0.24261802757584713
SMAH,BLBT,0.22678975944196292,0.22678975944196292
SMAH,BENI,0.2925459460442274,0.2925459460442274
SMAH,ITPA,0.20871823015849134,0.20871823015849134
SMAH,HTRK,0.3077108707780624,0.3077108707780624
SMAH,NGTE,0.2504579151030997,0.2504579151030997
SMAH,ILVX,0.2986533209523615,0.2986533209523615
SMAH,FCSG,0.18413904769761907,0.18413904769761907
SMAH,FARS,0.12004032861994667,0.12004032861994667
SMAH,MHRM,0.1615155235334717,0.1615155235334717
SMAH,EAFC,0.15569734388934406,0.15569734388934406
NPCK,MSDP,0.21610685689963463,0.21610685689963463
NPCK,EORC,0.2900138096467536,0.2900138096467536
NPCK,CUBO,0.32583781446238497,0.32583781446238497
NPCK,HRET,0.19891615833211096,0.19891615833211096
NPCK,ANSO,0.16328099139261773,0.16328099139261773
NPCK,DIHO,0.1415803709845246,0.1415803709845246
NPCK,RTTH,0.1451095163858187,0.1451095163858187
NPCK,SPLZ,0.12892076488245544,0.12892076488245544
NPCK,NWIG,0.2470954009894585,0.2470954009894585
NPCK,MMBT,0.0545946263346193,0.0545946263346193
NPCK,MDGI,0.2177029917636948,0.2177029917636948
NPCK,AGVF,0.2418603167741557,0.2418603167741557
NPCK,RRES,0.09215218585328472,0.09215218585328472
NPCK,CTGI,0.1027764962579571,0.1027764962579571
NPCK,ALUT,0.12079376918698526,0.12079376918698526
NPCK,ACAC,0.30591779975644207,0.30591779975644207
NPCK,SRTX,0.32452442056472525,0.32452442056472525
NPCK,GARI,0.23098790749757367,0.23098790749757367
NPCK,RCRI,0.1191843491062974,0.1191843491062974
NPCK,ACIX,0.18629387655360607,0.18629387655360607
NPCK,CCNS,0.07594303831230155,0.07594303831230155
NPCK,MTNS,0.31051066187770554,0.31051066187770554
NPCK,IHOZ,0.32527006418433346,0.32527006418433346
NPCK,NAYO,0.07699348275336898,0.07699348275336898
NPCK,FWWG,0.2087195546770272,0.2087195546770272
NPCK,EELT,0.10253587979406938,0.10253587979406938
NPCK,HRND,0.06891327320268331,0.06891327320268331
NPCK,AETS,0.16416760515613926,0.16416760515613926
NPCK,ULXY,0.1964537482718127,0.1964537482718127
NPCK,BLBT,0.14902768046205414,0.14902768046205414
NPCK,BENI,0.33046575758157987,0.33046575758157987
NPCK,ITPA,0.16695148614738645,0.16695148614738645
NPCK,HTRK,0.2992171676493549,0.2992171676493549
NPCK,NGTE,0.21115795858082861,0.21115795858082861
NPCK,ILVX,0.39311935302910783,0.39311935302910783
NPCK,FCSG,0.12492604355885155,0.12492604355885155
NPCK,FARS,0.13418118087371497,0.13418118087371497
NPCK,MHRM,0.09810200938961362,0.09810200938961362
NPCK,EAFC,0.22550003447430847,0.22550003447430847
MSDP,EORC,0.20933184890985967,0.20933184890985967
MSDP,CUBO,0.23294193539871638,0.23294193539871638
MSDP,HRET,0.14471424221623086,0.14471424221623086
MSDP,ANSO,0.18405907084344944,0.18405907084344944
MSDP,DIHO,0.1888031118634426,0.1888031118634426
MSDP,RTTH,0.23156440858674165,0.23156440858674165
MSDP,SPLZ,0.37081079592014304,0.37081079592014304
MSDP,NWIG,0.14308171031870923,0.14308171031870923
MSDP,MMBT,0.1317452059016365,0.1317452059016365
MSDP,MDGI,0.15622653366903322,0.15622653366903322
MSDP,AGVF,0.16116746916450803,0.16116746916450803
MSDP,RRES,0.22659152152665435,0.22659152152665435
MSDP,CTGI,0.16758004475185972,0.16758004475185972
MSDP,ALUT,0.23149175878625733,0.23149175878625733
MSDP,ACAC,0.2029576604877755,0.2029576604877755
MSDP,SRTX,0.10343146188491789,0.10343146188491789
MSDP,GARI,0.2735480686945348,0.2735480686945348
MSDP,RCRI,0.2177552525645862,0.2177552525645862
MSDP,ACIX,0.2521136170547417,0.2521136170547417
MSDP,CCNS,0.20333893362353014,0.20333893362353014
MSDP,MTNS,0.22787609964458835,0.22787609964458835
MSDP,IHOZ,0.1452995773020179,0.1452995773020179
MSDP,NAYO,0.1605435745696244,0.1605435745696244
MSDP,FWWG,0.28167374931471967,0.28167374931471967
MSDP,EELT,0.15230712886571163,0.15230712886571163
MSDP,HRND,0.1282855947009978,0.1282855947009978
MSDP,AETS,0.21552839373546465,0.21552839373546465
MSDP,ULXY,0.145417665660844,0.145417665660844
MSDP,BLBT,0.2926966486755484,0.2926966486755484
MSDP,BENI,0.25482592140973664,0.25482592140973664
MSDP,ITPA,0.31013584109720616,0.31013584109720616
MSDP,HTRK,0.2480581035721846,0.2480581035721846
MSDP,NGTE,0.19319252797968414,0.19319252797968414
MSDP,ILVX,0.255323509382417,0.255323509382417
MSDP,FCSG,0.19910794545371308,0.19910794545371308
MSDP,FARS,0.19828123817918392,0.19828123817918392
MSDP,MHRM,0.3637759933487648,0.3637759933487648
MSDP,EAFC,0.3936899449540139,0.3936899449540139
EORC,CUBO,0.289201840516908,0.289201840516908
EORC,HRET,0.11472069581388676,0.11472069581388676
EORC,ANSO,0.20747787820406197,0.20747787820406197
EORC,DIHO,0.1227300278680112,0.1227300278680112
EORC,RTTH,0.08991220997783558,0.08991220997783558
EORC,SPLZ,0.1834142285226381,0.1834142285226381
EORC,NWIG,0.17978353587230245,0.17978353587230245
EORC,MMBT,0.05561530661556001,0.05561530661556001
EORC,MDGI,0.12363735890666003,0.12363735890666003
EORC,AGVF,0.1572872409503701,0.1572872409503701
EORC,RRES,0.05953608882863812,0.05953608882863812
EORC,CTGI,0.12745486499878686,0.12745486499878686
EORC,ALUT,0.09884367562391635,0.09884367562391635
EORC,ACAC,0.25540566900932654,0.25540566900932654
EORC,SRTX,0.24937230278171355,0.24937230278171355
EORC,GARI,0.18514553559781302,0.18514553559781302
EORC,RCRI,0.1436456914101806,0.1436456914101806
EORC,ACIX,0.18256344843451375,0.18256344843451375
EORC,CCNS,0.1097505817809041,0.1097505817809041
EORC,MTNS,0.2842075044345484,0.2842075044345484
EORC,IHOZ,0.2302476597402954,0.2302476597402954
EORC,NAYO,0.12498252257626463,0.12498252257626463
EORC,FWWG,0.17930075526149744,0.17930075526149744
EORC,EELT,0.12039844247836315,0.12039844247836315
EORC,HRND,0.10616436607735992,0.10616436607735992
EORC,AETS,0.1456925528755255,0.1456925528755255
EORC,ULXY,0.14881208373882024,0.14881208373882024
EORC,BLBT,0.13733668623095305,0.13733668623095305
EORC,BENI,0.26671546503278154,0.26671546503278154
EORC,ITPA,0.13380731551450767,0.13380731551450767
EORC,HTRK,0.22763682036292862,0.22763682036292862
EORC,NGTE,0.23096260345783814,0.23096260345783814
EORC,ILVX,0.34040373217470593,0.34040373217470593
EORC,FCSG,0.12986794543438007,0.12986794543438007
EORC,FARS,0.11119641293458483,0.11119641293458483
EORC,MHRM,0.15035997494053802,0.15035997494053802
EORC,EAFC,0.19557479241986256,0.19557479241986256
CUBO,HRET,0.24563519991610802,0.24563519991610802
CUBO,ANSO,0.26712365309931774,0.26712365309931774
CUBO,DIHO,0.2215496363578736,0.2215496363578736
CUBO,RTTH,0.1114679369325289,0.1114679369325289
CUBO,SPLZ,0.16599828537073372,0.16599828537073372
CUBO,NWIG,0.33782812023391096,0.33782812023391096
CUBO,MMBT,0.10599922243787614,0.10599922243787614
CUBO,MDGI,0.14498283530184927,0.14498283530184927
CUBO,AGVF,0.23785962081440987,0.23785962081440987
CUBO,RRES,0.16491829918819806,0.16491829918819806
CUBO,CTGI,0.18294474693679347,0.18294474693679347
CUBO,ALUT,0.05141672044245777,0.05141672044245777
CUBO,ACAC,0.2839421381013015,0.2839421381013015
CUBO,SRTX,0.35169716001832396,0.35169716001832396
CUBO,GARI,0.19463072209945,0.19463072209945
CUBO,RCRI,0.10073544326683127,0.10073544326683127
CUBO,ACIX,0.1417376976862913,0.1417376976862913
CUBO,CCNS,0.1243313978950259,0.1243313978950259
CUBO,MTNS,0.3799671281486556,0.3799671281486556
CUBO,IHOZ,0.28922979320790193,0.28922979320790193
CUBO,NAYO,0.1727668835597386,0.1727668835597386
CUBO,FWWG,0.31369862617051325,0.31369862617051325
CUBO,EELT,0.16341011605725955,0.16341011605725955
CUBO,HRND,0.07292223922520152,0.07292223922520152
CUBO,AETS,0.19000672247945033,0.19000672247945033
CUBO,ULXY,0.33569482295248687,0.33569482295248687
CUBO,BLBT,0.20663657767444807,0.20663657767444807
CUBO,BENI,0.46301706990705094,0.46301706990705094
CUBO,ITPA,0.1920503231929962,0.1920503231929962
CUBO,HTRK,0.33567740850131195,0.33567740850131195
CUBO,NGTE,0.2603566661449244,0.2603566661449244
CUBO,ILVX,0.3709069726254421,0.3709069726254421
CUBO,FCSG,0.16088320747343343,0.16088320747343343
CUBO,FARS,0.17326880471734177,0.17326880471734177
CUBO,MHRM,0.16471362524092173,0.16471362524092173
CUBO,EAFC,0.20327487093128727,0.20327487093128727
HRET,ANSO,0.14666137546146626,0.14666137546146626
HRET,DIHO,0.21937033179650928,0.21937033179650928
HRET,RTTH,0.03946715740829798,0.03946715740829798
HRET,SPLZ,0.05834963386494347,0.05834963386494347
HRET,NWIG,0.15841123650930908,0.15841123650930908
HRET,MMBT,0.11693373560012275,0.11693373560012275
HRET,MDGI,0.10825209448509912,0.10825209448509912
HRET,AGVF,0.1548641152296709,0.1548641152296709
HRET,RRES,0.10971879986546987,0.10971879986546987
HRET,CTGI,0.060299928751675315,0.060299928751675315
HRET,ALUT,0.05243518179931942,0.05243518179931942
HRET,ACAC,0.13621875680017773,0.13621875680017773
HRET,SRTX,0.1966894283480091,0.1966894283480091
HRET,GARI,0.15618526953231804,0.15618526953231804
HRET,RCRI,0.14408661990971022,0.14408661990971022
HRET,ACIX,0.14288719372040196,0.14288719372040196
HRET,CCNS,0.15874235344701704,0.15874235344701704
HRET,MTNS,0.23644202449672716,0.23644202449672716
HRET,IHOZ,0.27509727727042604,0.27509727727042604
HRET,NAYO,0.07399674881591697,0.07399674881591697
HRET,FWWG,0.19527276204634234,0.19527276204634234
HRET,EELT,0.0715444192019804,0.0715444192019804
HRET,HRND,0.07937994943340633,0.07937994943340633
HRET,AETS,0.11798227477012597,0.11798227477012597
HRET,ULXY,0.21655220918089244,0.21655220918089244
HRET,BLBT,0.18863508816348845,0.18863508816348845
HRET,BENI,0.28561874319219976,0.28561874319219976
HRET,ITPA,0.12601954933658954,0.12601954933658954
HRET,HTRK,0.15072131963584529,0.15072131963584529
HRET,NGTE,0.213413321548294,0.213413321548294
HRET,ILVX,0.2574718199630546,0.2574718199630546
HRET,FCSG,0.11449610633342387,0.11449610633342387
HRET,FARS,0.1099914786443126,0.1099914786443126
HRET,MHRM,0.07035828366641338,0.07035828366641338
HRET,EAFC,0.13195972112480844,0.13195972112480844
ANSO,DIHO,0.2052072431869815,0.2052072431869815
ANSO,RTTH,0.060474088619359205,0.060474088619359205
ANSO,SPLZ,0.24805190473844477,0.24805190473844477
ANSO,NWIG,0.1717189752670055,0.1717189752670055
ANSO,MMBT,0.06083781929215944,0.06083781929215944
ANSO,MDGI,0.10921768240503382,0.10921768240503382
ANSO,AGVF,0.13934910387681534,0.13934910387681534
ANSO,RRES,0.13432656665714024,0.13432656665714024
ANSO,CTGI,0.07701973232235912,0.07701973232235912
ANSO,ALUT,0.18329831749889022,0.18329831749889022
ANSO,ACAC,0.29483221586988506,0.29483221586988506
ANSO,SRTX,0.20950760911095728,0.20950760911095728
ANSO,GARI,0.1602152018287451,0.1602152018287451
ANSO,RCRI,0.1407563204582586,0.1407563204582586
ANSO,ACIX,0.11559269093649661,0.11559269093649661
ANSO,CCNS,0.09696477282039288,0.09696477282039288
ANSO,MTNS,0.24684563747527072,0.24684563747527072
ANSO,IHOZ,0.2542812929418544,0.2542812929418544
ANSO,NAYO,0.07686791602518638,0.07686791602518638
ANSO,FWWG,0.12954038981331298,0.12954038981331298
ANSO,EELT,0.07884627384670738,0.07884627384670738
ANSO,HRND,0.07390900510120664,0.07390900510120664
ANSO,AETS,0.12848858887954245,0.12848858887954245
ANSO,ULXY,0.2230927458098556,0.2230927458098556
ANSO,BLBT,0.19613802964325455,0.19613802964325455
ANSO,BENI,0.2841979835255964,0.2841979835255964
ANSO,ITPA,0.17037550099047188,0.17037550099047188
ANSO,HTRK,0.22503397984966672,0.22503397984966672
ANSO,NGTE,0.21035312263772848,0.21035312263772848
ANSO,ILVX,0.3023102477343157,0.3023102477343157
ANSO,FCSG,0.1479075758278984,0.1479075758278984
ANSO,FARS,0.11117294375947309,0.11117294375947309
ANSO,MHRM,0.1848835330108923,0.1848835330108923
ANSO,EAFC,0.15185452831587215,0.15185452831587215
DIHO,RTTH,0.11393502720955424,0.11393502720955424
DIHO,SPLZ,0.24576532594710068,0.24576532594710068
DIHO,NWIG,0.1001038842348787,0.1001038842348787
DIHO,MMBT,0.09830028301491017,0.09830028301491017
DIHO,MDGI,0.12909113486762747,0.12909113486762747
DIHO,AGVF,0.21114823524690957,0.21114823524690957
DIHO,RRES,0.13907715838830192,0.13907715838830192
DIHO,CTGI,0.11101287792279493,0.11101287792279493
DIHO,ALUT,0.19989656877373585,0.19989656877373585
DIHO,ACAC,0.13330040216122546,0.13330040216122546
DIHO,SRTX,0.17289514597902644,0.17289514597902644
DIHO,GARI,0.2244852908690555,0.2244852908690555
DIHO,RCRI,0.222242878098457,0.222242878098457
DIHO,ACIX,0.27814557054604055,0.27814557054604055
DIHO,CCNS,0.09364791461494863,0.09364791461494863
DIHO,MTNS,0.2053522488488877,0.2053522488488877
DIHO,IHOZ,0.1569379079428384,0.1569379079428384
DIHO,NAYO,0.1061756344198816,0.1061756344198816
DIHO,FWWG,0.27358946939572093,0.27358946939572093
DIHO,EELT,0.18547541219371907,0.18547541219371907
DIHO,HRND,0.2267090453029128,0.2267090453029128
DIHO,AETS,0.16695466349148558,0.16695466349148558
DIHO,ULXY,0.1936480640160814,0.1936480640160814
DIHO,BLBT,0.25672458117754904,0.25672458117754904
DIHO,BENI,0.23166579826902878,0.23166579826902878
DIHO,ITPA,0.23216542800984077,0.23216542800984077
DIHO,HTRK,0.17732130403267454,0.17732130403267454
DIHO,NGTE,0.18774116070367133,0.18774116070367133
DIHO,ILVX,0.2599704964459519,0.2599704964459519
DIHO,FCSG,0.17895609478180646,0.17895609478180646
DIHO,FARS,0.19983793552547785,0.19983793552547785
DIHO,MHRM,0.12097257954555837,0.12097257954555837
DIHO,EAFC,0.26401018592868214,0.26401018592868214
RTTH,SPLZ,0.1870502426023403,0.1870502426023403
RTTH,NWIG,0.1159790962732802,0.1159790962732802
RTTH,MMBT,0.2002066310852482,0.2002066310852482
RTTH,MDGI,0.15637499537161437,0.15637499537161437
RTTH,AGVF,0.11870929857680422,0.11870929857680422
RTTH,RRES,0.3273472263116252,0.3273472263116252
RTTH,CTGI,0.2445626348428955,0.2445626348428955
RTTH,ALUT,0.10805531622244736,0.10805531622244736
RTTH,ACAC,0.10203405265566952,0.10203405265566952
RTTH,SRTX,0.10556526025073186,0.10556526025073186
RTTH,GARI,0.15751368962589243,0.15751368962589243
RTTH,RCRI,0.2429786384383871,0.2429786384383871
RTTH,ACIX,0.21163035020735926,0.21163035020735926
RTTH,CCNS,0.08650309545008801,0.08650309545008801
RTTH,MTNS,0.0590235748730434,0.0590235748730434
RTTH,IHOZ,0.038030606905932324,0.038030606905932324
RTTH,NAYO,0.22538546362495476,0.22538546362495476
RTTH,FWWG,0.13669113786663795,0.13669113786663795
RTTH,EELT,0.25710456765725115,0.25710456765725115
RTTH,HRND,0.12069393361000112,0.12069393361000112
RTTH,AETS,0.09124813214375245,0.09124813214375245
RTTH,ULXY,0.05963368569051335,0.05963368569051335
RTTH,BLBT,0.17619414091176408,0.17619414091176408
RTTH,BENI,0.1176769426442176,0.1176769426442176
RTTH,ITPA,0.1407019372626007,0.1407019372626007
RTTH,HTRK,0.10445585270813748,0.10445585270813748
RTTH,NGTE,0.09440577414887955,0.09440577414887955
RTTH,ILVX,0.11952481722225185,0.11952481722225185
RTTH,FCSG,0.18089481344411099,0.18089481344411099
RTTH,FARS,0.07848041661152498,0.07848041661152498
RTTH,MHRM,0.12755984552287838,0.12755984552287838
RTTH,EAFC,0.17551122501509703,0.17551122501509703
SPLZ,NWIG,0.17745346911412418,0.17745346911412418
SPLZ,MMBT,0.15243631587123949,0.15243631587123949
SPLZ,MDGI,0.23588636272598967,0.23588636272598967
SPLZ,AGVF,0.2580946874681553,0.2580946874681553
SPLZ,RRES,0.20422454164656562,0.20422454164656562
SPLZ,CTGI,0.11724767666098021,0.11724767666098021
SPLZ,ALUT,0.25948669452277895,0.25948669452277895
SPLZ,ACAC,0.1736249992082094,0.1736249992082094
SPLZ,SRTX,0.17167549520442546,0.17167549520442546
SPLZ,GARI,0.24732075521349361,0.24732075521349361
SPLZ,RCRI,0.20138434409269,0.20138434409269
SPLZ,ACIX,0.23553635866736367,0.23553635866736367
SPLZ,CCNS,0.1330753224750218,0.1330753224750218
SPLZ,MTNS,0.19491435952158476,0.19491435952158476
SPLZ,IHOZ,0.21351260403949401,0.21351260403949401
SPLZ,NAYO,0.09140331580146663,0.09140331580146663
SPLZ,FWWG,0.23348230034367667,0.23348230034367667
SPLZ,EELT,0.17220393017161112,0.17220393017161112
SPLZ,HRND,0.20857868220065112,0.20857868220065112
SPLZ,AETS,0.2309868916180412,0.2309868916180412
SPLZ,ULXY,0.14712391462361343,0.14712391462361343
SPLZ,BLBT,0.2967548695937129,0.2967548695937129
SPLZ,BENI,0.23773945418987083,0.23773945418987083
SPLZ,ITPA,0.21517716778071944,0.21517716778071944
SPLZ,HTRK,0.18549541018481122,0.18549541018481122
SPLZ,NGTE,0.14699870898999667,0.14699870898999667
SPLZ,ILVX,0.2221471848745853,0.2221471848745853
SPLZ,FCSG,0.24740103859389567,0.24740103859389567
SPLZ,FARS,0.23270858662104119,0.23270858662104119
SPLZ,MHRM,0.31264420812800553,0.31264420812800553
SPLZ,EAFC,0.34172326844144313,0.34172326844144313
NWIG,MMBT,0.06360001214863624,0.06360001214863624
NWIG,MDGI,0.11273742659575148,0.11273742659575148
NWIG,AGVF,0.17754291365182656,0.17754291365182656
NWIG,RRES,0.1166193394661241,0.1166193394661241
NWIG,CTGI,0.0842841266078578,0.0842841266078578
NWIG,ALUT,0.12123757548446197,0.12123757548446197
NWIG,ACAC,0.24415932451404976,0.24415932451404976
NWIG,SRTX,0.25694385856008556,0.25694385856008556
NWIG,GARI,0.12465600168165006,0.12465600168165006
NWIG,RCRI,0.08961935855630826,0.08961935855630826
NWIG,ACIX,0.13657196315304407,0.13657196315304407
NWIG,CCNS,0.09746739601590053,0.09746739601590053
NWIG,MTNS,0.20699514174439312,0.20699514174439312
NWIG,IHOZ,0.308783497724651,0.308783497724651
NWIG,NAYO,0.09226565421126785,0.09226565421126785
NWIG,FWWG,0.250565862464069,0.250565862464069
NWIG,EELT,0.07631464210422129,0.07631464210422129
NWIG,HRND,0.028947452499096478,0.028947452499096478
NWIG,AETS,0.1101175759959022,0.1101175759959022
NWIG,ULXY,0.16795541009864043,0.16795541009864043
NWIG,BLBT,0.18348763163397913,0.18348763163397913
NWIG,BENI,0.2717279273218339,0.2717279273218339
NWIG,ITPA,0.1679402854581429,0.1679402854581429
NWIG,HTRK,0.2772071345349299,0.2772071345349299
NWIG,NGTE,0.26864822804708255,0.26864822804708255
NWIG,ILVX,0.318379996154801,0.318379996154801
NWIG,FCSG,0.10711983264039218,0.10711983264039218
NWIG,FARS,0.11079545307659329,0.11079545307659329
NWIG,MHRM,0.12863457072014467,0.12863457072014467
NWIG,EAFC,0.1981707105598587,0.1981707105598587
MMBT,MDGI,0.14168546562556053,0.14168546562556053
MMBT,AGVF,0.09939686723418123,0.09939686723418123
MMBT,RRES,0.29909853102388656,0.29909853102388656
MMBT,CTGI,0.20554089622521482,0.20554089622521482
MMBT,ALUT,0.011523510511989984,0.011523510511989984
MMBT,ACAC,0.10038667980299383,0.10038667980299383
MMBT,SRTX,0.10845636637019035,0.10845636637019035
MMBT,GARI,0.08236140882857963,0.08236140882857963
MMBT,RCRI,0.26547287255765206,0.26547287255765206
MMBT,ACIX,0.12690699770093714,0.12690699770093714
MMBT,CCNS,0.06392760733599401,0.06392760733599401
MMBT,MTNS,0.022300665649826083,0.022300665649826083
MMBT,IHOZ,0.09637392899347219,0.09637392899347219
MMBT,NAYO,0.3028744159630806,0.3028744159630806
MMBT,FWWG,0.13197768816941402,0.13197768816941402
MMBT,EELT,0.28180121830256516,0.28180121830256516
MMBT,HRND,0.0585959566770673,0.0585959566770673
MMBT,AETS,0.10332352020717137,0.10332352020717137
MMBT,ULXY,0.07550331939654703,0.07550331939654703
MMBT,BLBT,0.1993960859364385,0.1993960859364385
MMBT,BENI,0.036322035092080485,0.036322035092080485
MMBT,ITPA,0.11987094366687157,0.11987094366687157
MMBT,HTRK,0.07816570524923312,0.07816570524923312
MMBT,NGTE,0.08777493659590746,0.08777493659590746
MMBT,ILVX,0.12949674184710194,0.12949674184710194
MMBT,FCSG,0.06782075755279268,0.06782075755279268
MMBT,FARS,0.04545668108537141,0.04545668108537141
MMBT,MHRM,0.13525045179046882,0.13525045179046882
MMBT,EAFC,0.05537700574064276,0.05537700574064276
MDGI,AGVF,0.20269012040077394,0.20269012040077394
MDGI,RRES,0.2154269600564289,0.2154269600564289
MDGI,CTGI,0.14214327368564336,0.14214327368564336
MDGI,ALUT,0.13329803083053707,0.13329803083053707
MDGI,ACAC,0.15228297035795696,0.15228297035795696
MDGI,SRTX,0.183598599693916,0.183598599693916
MDGI,GARI,0.22136272029531964,0.22136272029531964
MDGI,RCRI,0.17288714865720242,0.17288714865720242
MDGI,ACIX,0.2922892265076316,0.2922892265076316
MDGI,CCNS,0.08791869680122728,0.08791869680122728
MDGI,MTNS,0.1654460609839015,0.1654460609839015
MDGI,IHOZ,0.16924439896119542,0.16924439896119542
MDGI,NAYO,0.19671803081556047,0.19671803081556047
MDGI,FWWG,0.18016757971043124,0.18016757971043124
MDGI,EELT,0.18595090021278646,0.18595090021278646
MDGI,HRND,0.2251545976449509,0.2251545976449509
MDGI,AETS,0.16265104702368272,0.16265104702368272
MDGI,ULXY,0.09290558099076829,0.09290558099076829
MDGI,BLBT,0.2214773450836751,0.2214773450836751
MDGI,BENI,0.12390936590386727,0.12390936590386727
MDGI,ITPA,0.31948724996571537,0.31948724996571537
MDGI,HTRK,0.22640506165354235,0.22640506165354235
MDGI,NGTE,0.1819387760037684,0.1819387760037684
MDGI,ILVX,0.20375737750294243,0.20375737750294243
MDGI,FCSG,0.18150936339075,0.18150936339075
MDGI,FARS,0.12038365194989521,0.12038365194989521
MDGI,MHRM,0.1785972959201954,0.1785972959201954
MDGI,EAFC,0.2060179331445408,0.2060179331445408
AGVF,RRES,0.1462217787268569,0.1462217787268569
AGVF,CTGI,0.16011745972300062,0.16011745972300062
AGVF,ALUT,0.2145341525309602,0.2145341525309602
AGVF,ACAC,0.1453294213579999,0.1453294213579999
AGVF,SRTX,0.21976027291367467,0.21976027291367467
AGVF,GARI,0.19619102704812041,0.19619102704812041
AGVF,RCRI,0.21603823877344666,0.21603823877344666
AGVF,ACIX,0.2284996014995561,0.2284996014995561
AGVF,CCNS,0.14796536988836645,0.14796536988836645
AGVF,MTNS,0.20089269239331375,0.20089269239331375
AGVF,IHOZ,0.2413827146895612,0.2413827146895612
AGVF,NAYO,0.10840853536149328,0.10840853536149328
AGVF,FWWG,0.23431230379428966,0.23431230379428966
AGVF,EELT,0.21132353068560944,0.21132353068560944
AGVF,HRND,0.22493638440805303,0.22493638440805303
AGVF,AETS,0.17722455690694217,0.17722455690694217
AGVF,ULXY,0.09872693695855142,0.09872693695855142
AGVF,BLBT,0.2526042180892652,0.2526042180892652
AGVF,BENI,0.20286821345841774,0.20286821345841774
AGVF,ITPA,0.19992447918948864,0.19992447918948864
AGVF,HTRK,0.1818167148020156,0.1818167148020156
AGVF,NGTE,0.17046982218937642,0.17046982218937642
AGVF,ILVX,0.2731653464053623,0.2731653464053623
AGVF,FCSG,0.18261727035775213,0.18261727035775213
AGVF,FARS,0.11607170334370437,0.11607170334370437
AGVF,MHRM,0.2076830820910516,0.2076830820910516
AGVF,EAFC,0.25263701165067376,0.25263701165067376
RRES,CTGI,0.3417658636342194,0.3417658636342194
RRES,ALUT,0.032659719361139525,0.032659719361139525
RRES,ACAC,0.1285439301108787,0.1285439301108787
RRES,SRTX,0.1422407102502286,0.1422407102502286
RRES,GARI,0.22034074776677143,0.22034074776677143
RRES,RCRI,0.34567209031317675,0.34567209031317675
RRES,ACIX,0.179096458218067,0.179096458218067
RRES,CCNS,0.1080812086744247,0.1080812086744247
RRES,MTNS,0.14480167910430689,0.14480167910430689
RRES,IHOZ,0.08185928834178588,0.08185928834178588
RRES,NAYO,0.4133631986272345,0.4133631986272345
RRES,FWWG,0.19286478692650097,0.19286478692650097
RRES,EELT,0.29660142814239154,0.29660142814239154
RRES,HRND,0.14658977000627138,0.14658977000627138
RRES,AETS,0.11612004380433288,0.11612004380433288
RRES,ULXY,0.112741767268282,0.112741767268282
RRES,BLBT,0.26232854912809245,0.26232854912809245
RRES,BENI,0.14412299757368996,0.14412299757368996
RRES,ITPA,0.2086937506785147,0.2086937506785147
RRES,HTRK,0.10876238551631269,0.10876238551631269
RRES,NGTE,0.1788057827518054,0.1788057827518054
RRES,ILVX,0.1353227839352823,0.1353227839352823
RRES,FCSG,0.21042160221385287,0.21042160221385287
RRES,FARS,0.12059151782488087,0.12059151782488087
RRES,MHRM,0.14024080863153163,0.14024080863153163
RRES,EAFC,0.1421005791824755,0.1421005791824755
CTGI,ALUT,0.02585027437460171,0.02585027437460171
CTGI,ACAC,0.12248163878559734,0.12248163878559734
CTGI,SRTX,0.1553582963989457,0.1553582963989457
CTGI,GARI,0.17993625799820806,0.17993625799820806
CTGI,RCRI,0.2737788246899893,0.2737788246899893
CTGI,ACIX,0.10218035941234799,0.10218035941234799
CTGI,CCNS,0.06815739975687021,0.06815739975687021
CTGI,MTNS,0.1394923285156946,0.1394923285156946
CTGI,IHOZ,0.08966162168532199,0.08966162168532199
CTGI,NAYO,0.3036892772227921,0.3036892772227921
CTGI,FWWG,0.11164762001399607,0.11164762001399607
CTGI,EELT,0.2457876357966674,0.2457876357966674
CTGI,HRND,0.0814205249857913,0.0814205249857913
CTGI,AETS,0.1542548718607071,0.1542548718607071
CTGI,ULXY,0.16883101799867878,0.16883101799867878
CTGI,BLBT,0.1848769212785361,0.1848769212785361
CTGI,BENI,0.14558112166161,0.14558112166161
CTGI,ITPA,0.19438334093407292,0.19438334093407292
CTGI,HTRK,0.14024087365556875,0.14024087365556875
CTGI,NGTE,0.18084898558345847,0.18084898558345847
CTGI,ILVX,0.13991300036965731,0.13991300036965731
CTGI,FCSG,0.09921329826309637,0.09921329826309637
CTGI,FARS,0.10225590960083006,0.10225590960083006
CTGI,MHRM,0.07532352695998967,0.07532352695998967
CTGI,EAFC,0.09461590618835522,0.09461590618835522
ALUT,ACAC,0.1534480916943327,0.1534480916943327
ALUT,SRTX,0.0988592033344722,0.0988592033344722
ALUT,GARI,0.2377555650769346,0.2377555650769346
ALUT,RCRI,0.15415269774487353,0.15415269774487353
ALUT,ACIX,0.26273688267592654,0.26273688267592654
ALUT,CCNS,0.20214501241067054,0.20214501241067054
ALUT,MTNS,0.1115487708978948,0.1115487708978948
ALUT,IHOZ,0.16161519922380996,0.16161519922380996
ALUT,NAYO,0.06605332266592492,0.06605332266592492
ALUT,FWWG,0.18017883413856095,0.18017883413856095
ALUT,EELT,0.09746195319137306,0.09746195319137306
ALUT,HRND,0.12025283954829015,0.12025283954829015
ALUT,AETS,0.14999907219346126,0.14999907219346126
ALUT,ULXY,0.09265733898494104,0.09265733898494104
ALUT,BLBT,0.29328029243513937,0.29328029243513937
ALUT,BENI,0.07276724818391538,0.07276724818391538
ALUT,ITPA,0.229532399407594,0.229532399407594
ALUT,HTRK,0.21019202522678415,0.21019202522678415
ALUT,NGTE,0.10665172440259214,0.10665172440259214
ALUT,ILVX,0.22558026770797845,0.22558026770797845
ALUT,FCSG,0.16522896758863076,0.16522896758863076
ALUT,FARS,0.11151882534684462,0.11151882534684462
ALUT,MHRM,0.22733537134545279,0.22733537134545279
ALUT,EAFC,0.3265162666297976,0.3265162666297976
ACAC,SRTX,0.34128855647616113,0.34128855647616113
ACAC,GARI,0.26638637164345697,0.26638637164345697
ACAC,RCRI,0.11612906973272207,0.11612906973272207
ACAC,ACIX,0.25472285750575224,0.25472285750575224
ACAC,CCNS,0.14641197500349004,0.14641197500349004
ACAC,MTNS,0.3041636366379082,0.3041636366379082
ACAC,IHOZ,0.2700922213860478,0.2700922213860478
ACAC,NAYO,0.08851912777421314,0.08851912777421314
ACAC,FWWG,0.1572779721562076,0.1572779721562076
ACAC,EELT,0.08014408160347208,0.08014408160347208
ACAC,HRND,0.07021104855631669,0.07021104855631669
ACAC,AETS,0.14804802126171077,0.14804802126171077
ACAC,ULXY,0.2081765777034329,0.2081765777034329
ACAC,BLBT,0.22047428123423535,0.22047428123423535
ACAC,BENI,0.3386425255032919,0.3386425255032919
ACAC,ITPA,0.20519270723632335,0.20519270723632335
ACAC,HTRK,0.33373671241448477,0.33373671241448477
ACAC,NGTE,0.1886805081248982,0.1886805081248982
ACAC,ILVX,0.39113370942773823,0.39113370942773823
ACAC,FCSG,0.16803563281332598,0.16803563281332598
ACAC,FARS,0.16945396256247106,0.16945396256247106
ACAC,MHRM,0.1833946381368323,0.1833946381368323
ACAC,EAFC,0.20771161617314257,0.20771161617314257
SRTX,GARI,0.19921763712848886,0.19921763712848886
SRTX,RCRI,0.15589430009442132,0.15589430009442132
SRTX,ACIX,0.17087653161988728,0.17087653161988728
SRTX,CCNS,0.14105457304560576,0.14105457304560576
SRTX,MTNS,0.22593312438856186,0.22593312438856186
SRTX,IHOZ,0.3656437472410231,0.3656437472410231
SRTX,NAYO,0.12289322038209832,0.12289322038209832
SRTX,FWWG,0.1977561555784718,0.1977561555784718
SRTX,EELT,0.12533424350669686,0.12533424350669686
SRTX,HRND,0.10827180563939355,0.10827180563939355
SRTX,AETS,0.16712445841025622,0.16712445841025622
SRTX,ULXY,0.25244055740238863,0.25244055740238863
SRTX,BLBT,0.22723815621320878,0.22723815621320878
SRTX,BENI,0.31448088174210853,0.31448088174210853
SRTX,ITPA,0.121199330449737,0.121199330449737
SRTX,HTRK,0.2696531075217599,0.2696531075217599
SRTX,NGTE,0.2643499495830305,0.2643499495830305
SRTX,ILVX,0.36841029195799563,0.36841029195799563
SRTX,FCSG,0.2283585966424115,0.2283585966424115
SRTX,FARS,0.12940303597872266,0.12940303597872266
SRTX,MHRM,0.09478548023801284,0.09478548023801284
SRTX,EAFC,0.2005573464568064,0.2005573464568064
GARI,RCRI,0.23875763064745417,0.23875763064745417
GARI,ACIX,0.3472601774889484,0.3472601774889484
GARI,CCNS,0.19118256599558286,0.19118256599558286
GARI,MTNS,0.22019681435251018,0.22019681435251018
GARI,IHOZ,0.27555986624965684,0.27555986624965684
GARI,NAYO,0.2000860267591857,0.2000860267591857
GARI,FWWG,0.25627610072167906,0.25627610072167906
GARI,EELT,0.19809181788014948,0.19809181788014948
GARI,HRND,0.2505760433445869,0.2505760433445869
GARI,AETS,0.22589184048431546,0.22589184048431546
GARI,ULXY,0.12554773452021042,0.12554773452021042
GARI,BLBT,0.3535421898833126,0.3535421898833126
GARI,BENI,0.253735281200005,0.253735281200005
GARI,ITPA,0.2993425139934171,0.2993425139934171
GARI,HTRK,0.27538200708659555,0.27538200708659555
GARI,NGTE,0.2040158773995921,0.2040158773995921
GARI,ILVX,0.30877164382065436,0.30877164382065436
GARI,FCSG,0.2713165286046952,0.2713165286046952
GARI,FARS,0.23445207024603568,0.23445207024603568
GARI,MHRM,0.3169897792485809,0.3169897792485809
GARI,EAFC,0.24047307578248778,0.24047307578248778
RCRI,ACIX,0.16298233382111188,0.16298233382111188
RCRI,CCNS,0.17109746456331887,0.17109746456331887
RCRI,MTNS,0.15877233335234966,0.15877233335234966
RCRI,IHOZ,0.175823991819697,0.175823991819697
RCRI,NAYO,0.28449658035785336,0.28449658035785336
RCRI,FWWG,0.24194632788845583,0.24194632788845583
RCRI,EELT,0.29628615734893504,0.29628615734893504
RCRI,HRND,0.19994771104595196,0.19994771104595196
RCRI,AETS,0.09692183957258675,0.09692183957258675
RCRI,ULXY,0.10730329956334671,0.10730329956334671
RCRI,BLBT,0.23518531499002662,0.23518531499002662
RCRI,BENI,0.15068047596760784,0.15068047596760784
RCRI,ITPA,0.1462848807951362,0.1462848807951362
RCRI,HTRK,0.17134734327618578,0.17134734327618578
RCRI,NGTE,0.1431283219236582,0.1431283219236582
RCRI,ILVX,0.17458682202020898,0.17458682202020898
RCRI,FCSG,0.16925836497221913,0.16925836497221913
RCRI,FARS,0.13364916889780815,0.13364916889780815
RCRI,MHRM,0.18059107707615468,0.18059107707615468
RCRI,EAFC,0.18442500306958945,0.18442500306958945
ACIX,CCNS,0.16662547027225397,0.16662547027225397
ACIX,MTNS,0.1753030627545842,0.1753030627545842
ACIX,IHOZ,0.19059365754909222,0.19059365754909222
ACIX,NAYO,0.18602159809019322,0.18602159809019322
ACIX,FWWG,0.35181002414697454,0.35181002414697454
ACIX,EELT,0.16615039089977401,0.16615039089977401
ACIX,HRND,0.2503394906778439,0.2503394906778439
ACIX,AETS,0.23102821800368878,0.23102821800368878
ACIX,ULXY,0.13991592693606286,0.13991592693606286
ACIX,BLBT,0.31646420565882943,0.31646420565882943
ACIX,BENI,0.14777463741495772,0.14777463741495772
ACIX,ITPA,0.4374639224095,0.4374639224095
ACIX,HTRK,0.21005115917539127,0.21005115917539127
ACIX,NGTE,0.2447393092498162,0.2447393092498162
ACIX,ILVX,0.28503002177177783,0.28503002177177783
ACIX,FCSG,0.28426166480792964,0.28426166480792964
ACIX,FARS,0.2655989526230344,0.2655989526230344
ACIX,MHRM,0.294499023359238,0.294499023359238
ACIX,EAFC,0.27538357672026764,0.27538357672026764
CCNS,MTNS,0.10664643710277096,0.10664643710277096
CCNS,IHOZ,0.14390755128518923,0.14390755128518923
CCNS,NAYO,0.16550566949410864,0.16550566949410864
CCNS,FWWG,0.17437055231256646,0.17437055231256646
CCNS,EELT,0.17244755837613582,0.17244755837613582
CCNS,HRND,0.03771710257282809,0.03771710257282809
CCNS,AETS,0.13915320380578608,0.13915320380578608
CCNS,ULXY,0.04556361668069297,0.04556361668069297
CCNS,BLBT,0.16046338423050674,0.16046338423050674
CCNS,BENI,0.1607230263979091,0.1607230263979091
CCNS,ITPA,0.14002556437836192,0.14002556437836192
CCNS,HTRK,0.16618422540189867,0.16618422540189867
CCNS,NGTE,0.11582175970940824,0.11582175970940824
CCNS,ILVX,0.16372105239197537,0.16372105239197537
CCNS,FCSG,0.2138287828514398,0.2138287828514398
CCNS,FARS,0.14727746261497346,0.14727746261497346
CCNS,MHRM,0.161635941215444,0.161635941215444
CCNS,EAFC,0.12498087585081792,0.12498087585081792
MTNS,IHOZ,0.3163880381352189,0.3163880381352189
MTNS,NAYO,0.08463848195238087,0.08463848195238087
MTNS,FWWG,0.2061891746596994,0.2061891746596994
MTNS,EELT,0.065618289813266,0.065618289813266
MTNS,HRND,0.06589649769746772,0.06589649769746772
MTNS,AETS,0.16048025061366017,0.16048025061366017
MTNS,ULXY,0.25514205354712655,0.25514205354712655
MTNS,BLBT,0.14263553480155775,0.14263553480155775
MTNS,BENI,0.38455734458922086,0.38455734458922086
MTNS,ITPA,0.25441223376662475,0.25441223376662475
MTNS,HTRK,0.32037000447519065,0.32037000447519065
MTNS,NGTE,0.30873631029155446,0.30873631029155446
MTNS,ILVX,0.36207081230589305,0.36207081230589305
MTNS,FCSG,0.18289104469486037,0.18289104469486037
MTNS,FARS,0.16053331774313936,0.16053331774313936
MTNS,MHRM,0.1303048366414361,0.1303048366414361
MTNS,EAFC,0.20708874782749911,0.20708874782749911
IHOZ,NAYO,0.0830630493866322,0.0830630493866322
IHOZ,FWWG,0.2140706239369987,0.2140706239369987
IHOZ,EELT,0.08927912621890352,0.08927912621890352
IHOZ,HRND,0.20152568624304792,0.20152568624304792
IHOZ,AETS,0.17546390371133339,0.17546390371133339
IHOZ,ULXY,0.22313779002325496,0.22313779002325496
IHOZ,BLBT,0.192328384226803,0.192328384226803
IHOZ,BENI,0.3467389838765955,0.3467389838765955
IHOZ,ITPA,0.1566498988396654,0.1566498988396654
IHOZ,HTRK,0.2857547448026362,0.2857547448026362
IHOZ,NGTE,0.2465968015512472,0.2465968015512472
IHOZ,ILVX,0.45477251992002676,0.45477251992002676
IHOZ,FCSG,0.17516400289412581,0.17516400289412581
IHOZ,FARS,0.14582559093150257,0.14582559093150257
IHOZ,MHRM,0.191940150680774,0.191940150680774
IHOZ,EAFC,0.19133503319815923,0.19133503319815923
NAYO,FWWG,0.17779797232335606,0.17779797232335606
NAYO,EELT,0.37805020946262297,0.37805020946262297
NAYO,HRND,0.14260498101253571,0.14260498101253571
NAYO,AETS,0.16374872221680215,0.16374872221680215
NAYO,ULXY,0.03850761214407943,0.03850761214407943
NAYO,BLBT,0.15682773273393927,0.15682773273393927
NAYO,BENI,0.08958938361252451,0.08958938361252451
NAYO,ITPA,0.14713887808520978,0.14713887808520978
NAYO,HTRK,0.05623306689512871,0.05623306689512871
NAYO,NGTE,0.17084770775161384,0.17084770775161384
NAYO,ILVX,0.12684915373639913,0.12684915373639913
NAYO,FCSG,0.11148279754899872,0.11148279754899872
NAYO,FARS,0.08274726072199863,0.08274726072199863
NAYO,MHRM,0.1569468840278071,0.1569468840278071
NAYO,EAFC,0.08341283900926139,0.08341283900926139
FWWG,EELT,0.22704748250868098,0.22704748250868098
FWWG,HRND,0.2084592125610754,0.2084592125610754
FWWG,AETS,0.2175725206081247,0.2175725206081247
FWWG,ULXY,0.1963476174086032,0.1963476174086032
FWWG,BLBT,0.37383515990401983,0.37383515990401983
FWWG,BENI,0.25395891359025774,0.25395891359025774
FWWG,ITPA,0.37717494694215276,0.37717494694215276
FWWG,HTRK,0.1531638189261753,0.1531638189261753
FWWG,NGTE,0.224154032535979,0.224154032535979
FWWG,ILVX,0.32166111534470615,0.32166111534470615
FWWG,FCSG,0.19198094859494733,0.19198094859494733
FWWG,FARS,0.3107921177599271,0.3107921177599271
FWWG,MHRM,0.2391685967119674,0.2391685967119674
FWWG,EAFC,0.25432235227996364,0.25432235227996364
EELT,HRND,0.14904745007546452,0.14904745007546452
EELT,AETS,0.11783175337016566,0.11783175337016566
EELT,ULXY,0.10665521351690357,0.10665521351690357
EELT,BLBT,0.30845532145787835,0.30845532145787835
EELT,BENI,0.20178447560426283,0.20178447560426283
EELT,ITPA,0.15791776350344938,0.15791776350344938
EELT,HTRK,0.1639978619307831,0.1639978619307831
EELT,NGTE,0.151306463383311,0.151306463383311
EELT,ILVX,0.1574097230715215,0.1574097230715215
EELT,FCSG,0.1267627312857582,0.1267627312857582
EELT,FARS,0.12136499456052646,0.12136499456052646
EELT,MHRM,0.146024143709703,0.146024143709703
EELT,EAFC,0.13747609786532553,0.13747609786532553
HRND,AETS,0.14589441750297374,0.14589441750297374
HRND,ULXY,0.035226990999204434,0.035226990999204434
HRND,BLBT,0.19174209391369096,0.19174209391369096
HRND,BENI,0.10287141794862602,0.10287141794862602
HRND,ITPA,0.17348663421588986,0.17348663421588986
HRND,HTRK,0.10103002790054118,0.10103002790054118
HRND,NGTE,0.10731472252202637,0.10731472252202637
HRND,ILVX,0.1900514899856329,0.1900514899856329
HRND,FCSG,0.17865635662102172,0.17865635662102172
HRND,FARS,0.11576260752156338,0.11576260752156338
HRND,MHRM,0.24064981660142057,0.24064981660142057
HRND,EAFC,0.2222020393838991,0.2222020393838991
AETS,ULXY,0.09995265739286732,0.09995265739286732
AETS,BLBT,0.21977875895424362,0.21977875895424362
AETS,BENI,0.19202466850404631,0.19202466850404631
AETS,ITPA,0.2647092365480719,0.2647092365480719
AETS,HTRK,0.16596038250126127,0.16596038250126127
AETS,NGTE,0.18100775930740146,0.18100775930740146
AETS,ILVX,0.17825736728453964,0.17825736728453964
AETS,FCSG,0.18594547600411426,0.18594547600411426
AETS,FARS,0.19072062518726415,0.19072062518726415
AETS,MHRM,0.2208157699939277,0.2208157699939277
AETS,EAFC,0.31537350061130887,0.31537350061130887
ULXY,BLBT,0.12161390692538243,0.12161390692538243
ULXY,BENI,0.2995614599241346,0.2995614599241346
ULXY,ITPA,0.19122652092002596,0.19122652092002596
ULXY,HTRK,0.22588929840502134,0.22588929840502134
ULXY,NGTE,0.24479386839599518,0.24479386839599518
ULXY,ILVX,0.31826070640032633,0.31826070640032633
ULXY,FCSG,0.09161595448623666,0.09161595448623666
ULXY,FARS,0.08379158892544006,0.08379158892544006
ULXY,MHRM,0.0738861581303119,0.0738861581303119
ULXY,EAFC,0.15184193027019438,0.15184193027019438
BLBT,BENI,0.219183846411105,0.219183846411105
BLBT,ITPA,0.3508515967558149,0.3508515967558149
BLBT,HTRK,0.21804317413046717,0.21804317413046717
BLBT,NGTE,0.2049704623217928,0.2049704623217928
BLBT,ILVX,0.25097206518992576,0.25097206518992576
BLBT,FCSG,0.22962192593633293,0.22962192593633293
BLBT,FARS,0.290301346687493,0.290301346687493
BLBT,MHRM,0.24920510707186289,0.24920510707186289
BLBT,EAFC,0.29549020332289344,0.29549020332289344
BENI,ITPA,0.19129545841594375,0.19129545841594375
BENI,HTRK,0.35521540537512514,0.35521540537512514
BENI,NGTE,0.30432875308156104,0.30432875308156104
BENI,ILVX,0.44450343049053376,0.44450343049053376
BENI,FCSG,0.18430513740774696,0.18430513740774696
BENI,FARS,0.1517020080195415,0.1517020080195415
BENI,MHRM,0.1849738621567301,0.1849738621567301
BENI,EAFC,0.19478462745759506,0.19478462745759506
ITPA,HTRK,0.24809699561696452,0.24809699561696452
ITPA,NGTE,0.19295993115280163,0.19295993115280163
ITPA,ILVX,0.24219109204229156,0.24219109204229156
ITPA,FCSG,0.23120717810711358,0.23120717810711358
ITPA,FARS,0.21753965660515273,0.21753965660515273
ITPA,MHRM,0.31515836136440517,0.31515836136440517
ITPA,EAFC,0.2888111735688116,0.2888111735688116
HTRK,NGTE,0.27411053992721923,0.27411053992721923
HTRK,ILVX,0.31238629048782546,0.31238629048782546
HTRK,FCSG,0.11307604198110607,0.11307604198110607
HTRK,FARS,0.13419755050394436,0.13419755050394436
HTRK,MHRM,0.16561486059232497,0.16561486059232497
HTRK,EAFC,0.2156975700595668,0.2156975700595668
NGTE,ILVX,0.31598766652459265,0.31598766652459265
NGTE,FCSG,0.13022739417828344,0.13022739417828344
NGTE,FARS,0.16129607253348652,0.16129607253348652
NGTE,MHRM,0.09602412610828837,0.09602412610828837
NGTE,EAFC,0.204650714922623,0.204650714922623
ILVX,FCSG,0.12293734432949652,0.12293734432949652
ILVX,FARS,0.2018658367281578,0.2018658367281578
ILVX,MHRM,0.22922608049293372,0.22922608049293372
ILVX,EAFC,0.2411783645695167,0.2411783645695167
FCSG,FARS,0.1985478285628596,0.1985478285628596
FCSG,MHRM,0.2604406649272081,0.2604406649272081
FCSG,EAFC,0.21923329640652633,0.21923329640652633
FARS,MHRM,0.20700887018726932,0.20700887018726932
FARS,EAFC,0.192939669112854,0.192939669112854
MHRM,EAFC,0.37516839229422316,0.37516839229422316
